{"cameraMode":{"drawMode":0,"name":"Shaded","section":"Shading Mode"},"sceneLighting":true,"audioPlay":false,"sceneViewState":{"m_AlwaysRefresh":false,"showFog":true,"showSkybox":true,"showFlares":true,"showImageEffects":true,"showParticleSystems":true,"showVisualEffectGraphs":true,"m_FxEnabled":true},"in2DMode":false,"pivot":{"x":-2.3797879219055177,"y":-1.5074949264526368,"z":0.8699655532836914},"rotation":{"x":-0.014374179765582085,"y":0.9765281677246094,"z":-0.20355039834976197,"w":-0.06895951926708222},"size":22.004764556884767,"orthographic":false}